{
  "name": "angular",
  "version": "1.5.9-build.5022+sha.21e4db9",
  "license": "MIT",
  "main": "./angular.js",
  "ignore": [],
  "dependencies": {},
  "homepage": "https://github.com/angular/bower-angular",
  "_release": "1.5.9-build.5022+sha.21e4db9",
  "_resolution": {
    "type": "version",
    "tag": "v1.5.9-build.5022+sha.21e4db9",
    "commit": "f85c146d1a9bac1eccfda89c2ddf6861baf26595"
  },
  "_source": "https://github.com/angular/bower-angular.git",
  "_target": "1.5.9-build.5022+sha.21e4db9",
  "_originalSource": "angular"
}